label	explanation
0	Voglio salutare Giulia.
1	Ho voglia di salutare Sofia. La frase è già corretta.
0	La mia preferita è la Divina Commedia.
0	Il mio treno preferito è il treno Divina Commedia. Etichetta: 0 Frase corretta: La Divina Commedia è il mio libro preferito.
1	Lorenzo ha detto che Andrea ha parlato con Riccardo. La frase è già corretta.
1	La frase è già corretta.
1	Alessandro ha incontrato Giulia. La frase è già corretta.
1	È ricomparso il padre del ragazzo.
1	I prezzi sono aumentati. La frase è già corretta.
1	Salvato Andrea, ci siamo dati alla pazza gioia. La frase è già corretta.
1	Il palazzo delle assicurazioni è crollato. La frase è già corretta.
1	Quella costruzione offende il buon gusto. La frase è già corretta.
1	Newton ha spiegato la forza di gravità.
1	Mi hanno dato il premio.
1	Tommaso si è danneggiato. La frase è già corretta.
1	Quegli uomini hanno denunciato se stessi. La frase è già corretta.
1	Compro e leggo quel libro.
1	Ho incontrato Lorenzo, non Emma. La frase è già corretta.
1	Non guardarlo. La frase è già corretta.
1	Ho incontrato molti amici di Riccardo.
1	Non ho trovato il tuo libro in quella biblioteca. La frase è già corretta.
1	La frase è già corretta.
1	Riccardo ha promesso a Maria che metterà in vendita la propria casa.
1	Maria ha salutato i suoi genitori.
1	Riccardo non è molto intelligente.
1	Riccardo non è molto, credo, intelligente.
1	Hanno chiamato molte persone quel numero. La frase è già corretta.
1	Che cosa ha comprato Riccardo? La frase è già corretta.
0	Andrea è stato incontrato da Leonardo. La frase è già corretta. Tuttavia, per uniformità, ho aggiunto la frase "La frase è già corretta" dopo la frase corretta.
1	Riccardo ha domandato da chi non era stato visto Leonardo. La frase è già corretta.
1	Leonardo, mi hanno detto che parlerà domani.
1	Gabriele, quando l'hai visto? La frase è già corretta.
1	In quale cassetto Leonardo ha messo i fogli? La frase è già corretta.
0	Di quale politico hanno parlato?
0	Chi è il politico che la radio ha riferito abbia parlato secondo quanto dichiarato dal giudice?
1	Lorenzo ha detto che partirà domani.
1	Quando è arrivato Francesco, abbiamo potuto cenare. La frase è già corretta.
1	La tempesta ha abbattuto la quercia sotto cui il figliol prodigo pascolava i porci. La frase è già corretta.
1	Chi tocca i fili muore. La frase è già corretta.
1	Alessandro, che è venuto a trovarmi ieri, mi ha detto di salutarti. La frase è già corretta.
1	La commissione ritiene dunque il candidato aver fornito sufficienti prove della sua maturità scientifica. La frase è già corretta.
1	Il timore della guerra è ingiustificato.
1	Riccardo ha perso le chiavi.
1	Alessandro è bramoso di potere.
1	Penso che Francesco domandi l'ora a Lorenzo. La frase è già corretta.
1	Tommaso ha affermato che Edoardo parla. La frase è già corretta.
1	Avendo io sempre sostenuto una posizione diversa, dovrò votare contro questa proposta. La frase è già corretta.
1	Tommaso ha ordinato ad Andrea di difenderlo. La frase è già corretta.
0	Il fatto che sia stato scoperto un delitto ci ha sconvolti.
1	Chi pensi che Alessandro incontrerà?
1	La sedia su cui ti sei seduto è rotta.
1	Questa è la persona con cui Edoardo ha fatto l'affermazione che Tommaso ha parlato. La frase è già corretta.
0	Edoardo crede che Sofia abbia baciato.
0	Quale problema non sai come potremo risolvere? La frase originale presenta un problema di grammatica: manca la parola "qual" all'inizio della frase, che serve a introdurre la domanda. La frase corretta, quindi, inizia con "Quale" per rendere la domanda completa e corretta grammaticalmente.
0	L'ho visto lui.
0	Abbiamo visto lo spettacolo.
1	Sofia dice che Alessandro parlerà domani. La frase è già corretta.
0	Beatrice ha dichiarato di non avere avuto niente a che fare con Gabriele.
1	Riccardo ha detto che Andrea si è guardato.
1	Il padre di Andrea mi è sembrato molto contento quando gli ho parlato. La frase è già corretta.
1	Penso che Edoardo creda che Maria voglia che Gabriele veda Riccardo.
1	Edoardo crede che Emma voglia che Tommaso veda Gabriele. La frase è già corretta.
1	Il coniglio mangia. La frase è già corretta.
1	La frase è già corretta.
1	Per primo sono arrivato io, non tu.
1	Arriva un uomo. La frase è già corretta.
1	Leonardo uccise Andrea.
0	Andrea ha detto che Tommaso lo guarda.
1	Gabriele ha voglia di andare al mare.
1	È questo libro che non avevo mai letto.
1	Da quel professore, Tommaso non è stato ancora interrogato? La frase è già corretta.
1	Alessandro crede che invaderemo quel paese.
0	Di quali paesi stai parlando e quali, secondo Andrea, potrebbero invadere?
1	L'anno scorso Alessandro scriveva un libro, ma tutt'oggi non l'ha ancora finito.
1	L'anno scorso, Edoardo scrisse un libro, ma a tutt'oggi non l'ha ancora finito.
0	Gabriele è scapolo o è sposato.
1	L'attuale re di Francia è calvo.
1	Qualche studente ha superato l'esame. La frase è già corretta.
0	Se qualche studente non ha superato l'esame, non tutti gli studenti hanno superato l'esame.
0	Ieri ho promesso a Lorenzo di partire insieme.
1	Nel processo di primo grado, la corte dichiarò l'imputato innocente. La frase è già corretta.
1	Continua così e combinerai guai. La frase è già corretta.
1	Ho preso le chiavi. La frase è già corretta.
1	Andrea, trasmettendoci le commissioni della marchesa: "Ha detto: "Darete loro il buongiorno"". La frase è già corretta.
1	Una bella casa fa comodo. La frase è già corretta.
1	La frase è già corretta.
1	Uso il gladio. La frase è già corretta.
1	Il calcolatore funziona bene. La frase è già corretta.
1	Scusa! La frase è già corretta.
1	Le ragazze sono arrivate. La frase è già corretta.
1	Il libro che mi ha prestato Lorenzo non mi piace. La frase è già corretta.
1	La frase è già corretta.
1	La frase è già corretta.
1	Andando a casa, ho incontrato tuo fratello.
1	Sto andando a prendere la macchina.
1	La frase è già corretta.
1	Va' a casa! La frase è già corretta.
1	Io sono affamato.
1	Bravo, questo ragazzo. La frase è già corretta.
1	Paola è una donna che apprezziamo molto. La frase è già corretta.
1	La frase è già corretta.
1	Ho visto il libro che mi hai regalato. La frase è già corretta.
0	Gli amici di Andrea.
1	Credo che tu abbia ragione.
1	Siccome è caduto, si è fatto male.
1	Volevano distruggerla e l'hanno distrutta. La frase è già corretta.
1	Ognuno prenda il suo cappotto.
1	Prendimi quell'aggeggio. La frase è già corretta.
1	Ho dato al bambino il latte, ma lui non l'ha bevuto. La frase è già corretta.
1	Maria usa il computer, io non lo so fare.
1	Ho visto una casa.
1	Ho visto tua madre. La frase è già corretta.
1	La persona che mi ha parlato.
1	Se uno va in treno, vuole stare comodo.
1	Fa male la mia testa.
1	Ho due case.
1	Ho delle case.
1	Il cavallo è arrivato primo.
1	I cavalli sono animali resistenti.
1	È venuto qualcuno.
1	È arrivato. La frase è già corretta.
1	Posso venire.
1	Magari domani piove.
1	Lui è stato colto dalla pioggia.
0	Scrive una lettera a sua zia. Nota: La frase è corretta grammaticalmente, ma è preferibile scrivere "scrive una lettera alla sua zia" per essere più formale e rispettare la concordanza dei generi.
1	Egli lo vide. La frase è già corretta.
1	Alessandro promette ad Edoardo di restare a casa.
1	Riccardo non ha tempo.
1	Ho riparato il tavolo.
1	Hanno aperto il libro. La frase è già corretta.
0	Gli è stato dato il cappello da me.
1	Quel ragazzo apre la porta.
1	Ho sentito cantare i ragazzi. La frase è già corretta.
0	La macchina vuole lavarla lui. La frase presenta un errore di accordo soggetto-verbo. Il soggetto "macchina" è femminile singolare, ma il verbo "vuole" è al maschile singolare. La frase corretta sarebbe "La macchina vuole lavarla."
1	È il meccanico che è venuto. La frase è già corretta.
0	Non voglio venire fino a Napoli.
1	Quanto al bagno, mi fa piacere. La frase è già corretta.
1	Hai presente Lorenzo? La frase è già corretta.
1	E da quando vive in America? La frase è già corretta.
1	Credi che sia possibile una cosa del genere? La frase è già corretta.
0	Appena detto ciò, mi lasciò piangere e volevo dire molte cose.
1	Sei sempre lo stesso: un amico fidato, paziente e onesto.
1	Il vento forte sul mare può provocare mareggiate.
0	Piangere a voce alta.
1	Ho preso in casa una specie di gatto.
1	Ho preso dello zucchero.
1	Non mi piace il vino.
1	Quel che vendo è merce cinese.
0	Mettere fretta.  Nota: "Mettere fretta" è una frase corretta in italiano, ma non è una frase completa. Potrebbe essere un'espressione o un modo di dire, ma in questo contesto manca un verbo che la completi. Ad esempio, "Non mettere fretta" o "Fai attenzione a non mettere fretta". La frase data è corretta, ma non completa.
1	È stato bandito un concorso.
1	Tutte le balene devono essere protette.
0	Mettitelo bene in testa.
0	Questa macchina è vecchia ma funziona ancora come nuova.
1	Leonardo non conosce Maria.
1	Il governo ha abolito la legge. La frase è già corretta.
1	Ho spazzolato le scarpe.
1	Tommaso abita da dieci anni.
1	Riccardo ha dato un libro a Sofia.
1	Maria ha corso per ore. La frase è già corretta.
1	Francesco ha bevuto un caffè.
1	Andrea ha trovato un biglietto per l'opera. La frase è già corretta.
1	Edoardo sta compilando.
1	Emanare profumo. La frase è già corretta.
0	Aprire un nuovo negozio. La frase è corretta. Tuttavia, è un'azione incompleta e potrebbe essere migliorata aggiungendo un verbo ausiliare per formare una frase completa. Ad esempio: "Voglio aprire un nuovo negozio."
1	Iniziare un'attività.
1	La porta si è chiusa. La frase è già corretta.
1	Gabriele non ammette di essere preso in giro. La frase è già corretta.
1	Paola ha restituito il libro.
1	La frase è già corretta.
1	Le scarpe si sono macchiate.
1	Le giornate si sono accorciate. La frase è già corretta.
1	Qualcosa ha accorciato le giornate.
1	Qualcuno ha accorciato le giornate. La frase è già corretta.
1	Aggrapparsi a un ramo. La frase è già corretta.
1	Arenatesi le navi, gli equipaggi sono scesi a terra. La frase è già corretta.
1	La nebbia è svanita.
0	Alessandro si piange sempre. La frase presenta un uso errato del verbo "piange". In italiano, "piange" è un verbo transitivo, il che significa che richiede un oggetto diretto. In questo caso, "Alessandro" è il soggetto e non l'oggetto diretto. La frase corretta sarebbe: "Alessandro si piange addosso sempre" o "Alessandro si piange addosso".
1	Riccardo si lagna sempre.
1	Alle sue parole, Maria ha annuito. La frase è già corretta.
1	L'acqua è sgorgata all'improvviso. La frase è già corretta.
1	Andrea ha sbadigliato? La frase è già corretta.
1	Riccardo pedala
0	Ha approfittato dell'esperienza.
1	Il figlio di Francesco si siede in prima fila alle 8 in punto.
1	Quando iniziò il concerto, il figlio di Leonardo sedeva in prima fila. La frase è già corretta.
0	Il muro ammuffisce in una giornata.
1	Paola sta suonando un pezzo di Bach.
1	Il coro canta molto bene. La frase è già corretta.
1	Riccardo aspirava sempre il fumo del sigaro.
1	Andrea aspira a diventare medico.
1	Lorenzo non ha cucinato.
0	La lettera viene scritta.
0	Disturbo? - La frase è corretta ma è una domanda, quindi potrebbe essere più appropriato rispondere "Sì" o "No" per renderla una frase completa. Ad esempio: "Disturbo? Sì."
1	Leonardo sta compilando.
1	Riccardo non scrive più da un pezzo.
1	Il macchinista si è fermato.
0	I negozianti hanno aumentato i prezzi.
1	I bicchieri si sono rotti. La frase è già corretta.
1	Paola ha acceso il fuoco.
1	Il soggiorno in Canada ha migliorato il suo inglese. La frase è già corretta.
1	La lezione ha continuato.
1	Saltare un ostacolo. La frase è già corretta.
1	Tutti si sono commossi.
1	Si è macchiata la tovaglia.
1	Macchia il vino. La frase è già corretta.
1	L'acqua è gelata in due ore.
0	Le candele hanno bruciato per un'ora.
1	Il vetro si rompe. La frase è già corretta.
1	Ha verificato l'autenticità della firma. La frase è già corretta.
1	Riccardo lava la macchina.
1	Paola ha visto la partita con gli amici. La frase è già corretta.
1	Gabriele si è tagliato le basette.
1	Riccardo si è tagliato il mento con il rasoio.
1	Francesco si è calmato, irrigidito. La frase è già corretta.
1	Si è rotto il vetro.
0	Venite alla festa e mangiate e bevete.
1	Il dibattito è continuato. La frase è già corretta.
1	Il dibattito ha continuato. La frase è già corretta.
1	Riccardo ha cancellato la scritta. La frase è già corretta.
0	Leonardo suona il pianoforte.
1	Il livello si è alzato. La frase è già corretta.
1	Francesco ha bruciato la torta.
1	Edoardo è pentito. La frase è già corretta.
1	Il bosco si è bruciato per tre ore.
1	La biancheria si è asciugata per un'ora.
1	Il libro è sparito per tre giorni, poi è improvvisamente ricomparso sul mio tavolo.
1	Riccardo si è ingrassato.
1	Tommaso è ingrassato molto dall'ultima volta che l'ho vista. La frase è già corretta.
0	La televisione si è rotta in un'ora.
1	Alle 8 in punto la sala si è svuotata. La frase è già corretta.
1	Il treno si è un po' fermato. La frase è già corretta.
1	La camicia è sporca.
1	Ho notato un libro caduto. La frase è già corretta.
1	Alessandro conosce le strade.
0	Andrea approfitta di Maria. Nota: La frase è grammaticalmente accettabile, ma il contesto potrebbe suggerire una possibile ambiguità. In questo caso, la frase suona come se Andrea stesse sfruttando Maria. Se si vuole evitare questa interpretazione, sarebbe meglio usare un'altra espressione, come "Andrea si affida a Maria" o "Andrea si fida di Maria".
1	Chi Leonardo ama? La frase è già corretta.
1	Francesco è il capo.
1	Trenta chili sono pesati da Alessandro. La frase è già corretta.
1	Mio nonno ha venduto il suo podere. La frase è già corretta.
1	Due lingue sono parlate da tutti i miei studenti. La frase è già corretta.
0	Otto ore al giorno sono dedicate allo studio da parte di Tommaso.
1	Alessandro trivella questa cosa. La frase è già corretta.
1	Tommaso torna da Roma.
1	Francesco macina il caffè in un vecchio macinino. La frase è già corretta.
1	Tommaso rubò il portafoglio a Maria in un autobus. La frase è già corretta.
1	Dove Riccardo mise la cassa nel mobile? La frase è già corretta.
1	Lo scoglio affiora. La frase è già corretta.
1	Andrea si comporta.
1	Leonardo sottrae la penna.
1	Lorenzo toglie dalla cassaforte il giornale. La frase è già corretta.
1	Alessandro legge un libro a letto. La frase è già corretta.
1	Riccardo beve il tè in una tazzina di porcellana.
1	Dove Andrea ha preso una sigaretta? La frase è già corretta.
1	Tommaso estrasse la pistola nel bar. La frase è già corretta.
0	Riccardo mangia il riso.
0	Tommaso vi sostiene la lastra. In questa frase, la parola "vi" sembra essere inserita in modo errato. Una correzione potrebbe essere: "Tommaso sostiene la lastra."
1	Edoardo prese il libro di storia dalla libreria. La frase è già corretta.
1	Leonardo prende il libro dalla sala della biblioteca. La frase è già corretta.
1	Gabriele mette le casse sul ripiano del montacarichi. La frase è già corretta.
1	Dove hai messo le foto di Francesco? La frase è già corretta.
1	Tommaso toglie i soldi dal cassetto. La frase è già corretta.
1	La chiave sta nella toppa.
1	Dal giardino alla strada Lorenzo vi ha piantato i fiori.
1	Francesco ha lanciato il pallone dal balcone al giardino. La frase è già corretta.
1	Dal giardino Leonardo ha piantato fiori al garage.
1	Edoardo carica le casse sulla nave.
1	La scala poggia contro il muro.
1	I rivoltosi incarcerarono Gabriele nelle segrete della fortezza. La frase è già corretta.
1	Francesco chiuse Giulia nella stanza.
1	Gabriele chiuse il denaro. La frase è già corretta.
1	Gabriele dette appoggio al libro. La frase è già corretta.
1	Alessandro dette appoggio alla diffusione del libro. La frase è già corretta.
1	Lorenzo caricò il camion.
1	Questo latte deterge le impurità dal volto. La frase è già corretta.
1	Riccardo stipò l'armadio con i vestiti. La frase è già corretta.
1	La fotografia di Giulia e quella di Lorenzo stanno attaccate.
0	Riccardo allontanò Paola dalla finestra.
1	Francesco avvolge la statua in una tela di lino. La frase è già corretta.
1	Alessandro accompagna Sofia al cinema. La frase è già corretta.
1	Andrea accompagnò Paola a scuola.
1	I libri non stanno nell'armadio. La frase è già corretta.
1	Andrea attraversò la parte meno pericolosa del fiume.
0	Ho l'intenzione di vestirmi da sposa.
1	Francesco mangiava il pane con soddisfazione. La frase è già corretta.
1	Quella mattina pioveva a dirotto.
0	Alessandro beve il vino.
1	Francesco ha telefonato e Maria è venuta. La frase è già corretta.
1	Quel libro è stato dato a Paola da Gabriele.
1	Paola riceve quel libro da Riccardo.  La frase è già corretta.
1	Andrea mangia un polpo.
1	Tommaso mangia questo.
1	Sofia lo adora.
0	L'artrosi ha paralizzato le articolazioni.
0	Maria vuole mangiare.
1	Lorenzo ammira Alice.
1	Riccardo la ammira.
1	Edoardo mira alla presidenza.
1	È sul letto che Maria salta.
0	Edoardo vuole subito il caffè.
0	Tommaso tiene al successo.
1	È alla presidenza che mira Leonardo. La frase è già corretta.
1	Riccardo adora il cinema.
1	È il cinema che Francesco adora.
1	È il cinema e non la musica che Alessandro adora.
1	I denti di Emma battono dal freddo. La frase è già corretta.
0	Alessandro adora le donne con gambe lunghe.
0	Andrea adora le amiche di Emma.
1	Gabriele mangia un gelato.
0	Riccardo promette a se stesso che verrà.
0	Sofia divorerà il polpo.
0	La tolleranza non fa parte dei suoi doveri.
1	Riccardo ci viene da Roma. La frase è già corretta.
1	Andrea pensa a Paola.
1	Sofia accompagna Maria in Cina. La frase è già corretta.
1	Emma e il film si sono visti. La frase è già corretta.
1	Alessandro ammira la casa che è di Paola. La frase è già corretta.
0	Beatrice involontariamente assorbe la concentrazione di Francesco.
0	Lorenzo distribuisce mattoni.
0	È bello che Riccardo dipinga.
1	Sofia passeggia per Venezia.
1	Maria raccoglie sassolini. La frase è già corretta.
1	Giulia legge.
1	Beatrice schermisce con abilità.
1	Maria traveste Alice.
1	Emma umilia Edoardo. La frase è già corretta.
1	Il fulmine cadde sulla testa di Andrea. La frase è già corretta.
1	Fa neve.
1	Alessandro dormicchia nell'inazione più totale.
1	La maionese non ha preso bene.
1	Maria sorride a Giulia. La frase è già corretta.
1	Quel vestito non va ad Alice. La frase è già corretta.
1	Il capitale dell'azienda ammonta a molti miliardi. La frase è già corretta.
1	Una stella splende nel cielo.
1	Una stella brilla nel cielo.
1	Una stella scintilla nel cielo.
1	Il vestito di Maria scintilla di uno stupendo diamante. La frase è già corretta.
1	Beatrice arde dalla passione.
1	Paola luccicava dall'emozione.
1	Quell'idea si fa chiara nel suo animo. La frase è già corretta.
0	Gabriele ritorna.
1	Riccardo giunge in casa.
1	La scala scende in cantina.
1	Il sentiero ci arriva.
1	La Maggioranza patteggia con l'Opposizione. La frase è già corretta.
1	Emma lotta su questo punto.
1	Riccardo taglia il pane a fetta.
1	Riccardo gli vide il volto. La frase è già corretta.
1	Il sarto ha confezionato un vestito di lino.
1	Tommaso ha edificato una palazzina nel centro di Roma.
1	Andrea è brutale con Alice.
1	Il Giappone colonizzò la Manciuria.
1	Leonardo aveva ammassato pacchetti alla base della libreria.
0	Leonardo aveva ammassato qualcosa contro il muro.
1	Lorenzo ci aveva ammassato pacchetti. La frase è già corretta.
1	L'avaro accumula ricchezze.
1	Leonardo è importante per noi.
1	Il Sergente distribuisce i soldati. La frase è già corretta.
1	Sofia separò il lavoro in due parti distinte.
1	Paola gli carezzò il volto. La frase è già corretta.
1	Questa situazione gli complica la vita. La frase è già corretta.
1	Maria afferrò la mano di Lorenzo.
1	Questa medicina coagula il sangue.
1	Riccardo forgia l'acciaio.
1	Sofia cucina il pollo al limone.
1	Le donne partoriscono i bambini. La frase è già corretta.
1	Paola converte lo zucchero in caramelle.
1	Il governo converte gli oppositori in criminali.
0	Alice fece travestire Francesco.
1	Riccardo ne liberò il cane. La frase è già corretta.
1	Lo Stato accorda troppa fiducia all'amministrazione pubblica.
1	Tommaso attribuì la decisione di andare in Cina a Leonardo. La frase è già corretta.
1	Leonardo addebitava il suo insuccesso alla decisione del padre di andare in Francia.
1	Francesco abbandona la moglie sulla strada.
1	I ladri rubano le auto ai legittimi proprietari. La frase è già corretta.
1	Maria spalmò il pane con il coltello. La frase è già corretta.
0	Riccardo mise il tavolo sotto il cappello.
1	L'aviazione nemica bombardò napalm sulla città. La frase è già corretta.
1	Andrea imbeve il pane di vino.
1	Raso rosso foderava i cuscini. La frase è già corretta.
1	Lorenzo dissemina aneddoti divertenti nei suoi racconti. La frase è già corretta.
1	I turisti disseminano il prato di cartacce.
0	Gabriele nutrì nel figlio l'idea di essere il più bravo ed intelligente di tutti.
1	Riccardo liberò il cane dalle catene. La frase è già corretta.
1	Alessandro scarica Giulia dalle proprie responsabilità.
1	Tommaso ne ottiene la libertà. La frase è già corretta.
1	Gabriele difende Giulia contro i pericoli. La frase è già corretta.
0	L'alchimista fa derivare l'oro dal piombo.
1	Riccardo spostò il cappello dall'armadio al tavolo.
1	Leonardo pone il libro sulla scrivania. La frase è già corretta.
1	Alessandro prese il cappotto dall'armadio.
1	Gabriele spedì la ricevuta all'ufficio delle imposte.
1	Paola spinse le gambe di Francesco verso la parete. La frase è già corretta.
1	La foresteria ospita gli intervenuti alla manifestazione.
1	Il dottore spennella le tonsille di Gabriele di iodio. La frase è già corretta.
1	Leonardo archiviò la documentazione nell'archivio centrale.
1	I gomiti poggiano sul davanzale. La frase è già corretta.
1	Riccardo affoga i dispiaceri nel vino.
1	Un buon timoniere attracca rapidamente la sua nave al molo. La frase è già corretta.
1	Andrea spostò il bicchiere dal tavolo sul mobile.
1	Tommaso pompava l'acqua dal lago alla piscina. La frase è già corretta.
1	Alessandro e Leonardo negoziano la libertà di Maria.
1	Una donna aveva separato Andrea e Tommaso.
1	Alessandro ricava danaro dalle sue applicazioni. La frase è già corretta.
1	Riccardo allontana Maria dalla stanza. La frase è già corretta.
1	Leonardo conta su Francesco. La frase è già corretta.
1	Sofia confonde il piacere con la possibilità di essere corteggiata. La frase è già corretta.
1	Tommaso fondeva l'argento con l'oro.
1	Gabriele ci sostituisce il tubo catodico. La frase è già corretta.
1	Riccardo le sostituisce il tubo catodico. La frase è già corretta.
1	Tommaso alterna Beatrice con Paola. La frase è già corretta.
1	L'amore lega.
1	Gabriele dorme.
1	Maria desidera un libro.
1	Maria desidera il fatto che tu venga.
1	Leonardo tiene alla possibilità che lo promuovano. La frase è già corretta.
1	Giulia abbandona l'idea che vedrà Edoardo. La frase è già corretta.
1	Maria ha fatto l'affermazione che Francesco è bello. La frase è già corretta.
1	Maria bada che tutto funzioni alla perfezione. La frase è già corretta.
1	Edoardo approva che Maria parta.
0	Emma dubita che Alice parta.
0	Che a Lorenzo la prospettiva di viaggiare angoscia Tommaso.
0	Riccardo approva l'idea.
0	Edoardo approva il fatto che Maria canti.
0	Desideri che Sofia venga.
0	Riccardo va a fumare.
1	Alice brama di tornare.
0	Andrea incoraggia Maria a sposarsi.
1	Il fatto che Emma parli allieta suo padre. La frase è già corretta.
1	Andare al cinema infiamma Sofia.
0	La colpisce che Riccardo rida. Nota: La frase data è grammaticalmente corretta, ma la parola "colpisce" è utilizzata in modo insolito. Di solito, si usa "sorprende" o "stupisce" al posto di "colpisce" in questo contesto. Una frase corretta potrebbe essere: "Sorprende che Riccardo rida."
1	Mi meraviglia il fatto che Beatrice sia svestita.
0	Leonardo allieta Maria perché Maria ride.
1	La tristezza e la noia deprimono Gabriele. La frase è già corretta.
1	Mi acquieta che Giulia parli in questo modo. La frase è già corretta.
0	La sola presenza di Alice mi tranquillizza.
1	Parlare con le ballerine è divertente. La frase è già corretta.
1	Io vengo affascinato dal fatto che Edoardo parli di poesia.
0	A Paola accadde di vedere i marziani.
0	Splendeva nel suo sguardo aver vinto al lotto.
0	Splendeva nel suo sguardo di aver vinto al lotto.
0	Dobbiamo fuggire.
1	Si tratta di fuggire.
1	Il fatto che Emma sia uscita così presto denota che in questo momento non va d'accordo con te. La frase è già corretta.
1	Io condanno il fatto che Erode uccise i bambini
1	Gabriele adora carezzare Andrea La frase è già corretta.
1	Andrea intende sposare Alice
1	Riccardo evita di guardare la televisione. La frase è già corretta. Tuttavia, per enfatizzare l'azione di evitare, si può aggiungere la preposizione "di" tra "evita" e "guardare", rendendo la frase: "Riccardo evita di guardare la televisione."
0	Paola ritiene che sia carino.
1	Lorenzo riteneva Alice fosse Paola
0	Beatrice lo giudica perché Maria ha troppi amanti.
0	Sofia lo giudica perché Maria ha troppi amanti.
0	Giulia lo giudica evidente che Maria sia bella. La frase corretta: Giulia ritiene evidente che Maria sia bella.
0	Leonardo suppone che il padre beva troppo.
0	Penso qualcosa su di te.
0	Io penso che tu ami il tartufo.
1	Emma ottiene qualcosa da te. La frase è già corretta.
0	Alice cerca di aiutare Maria.
1	Riccardo plaude al fatto che Tommaso ha vinto. La frase è già corretta.
0	Maria ci aspetta.
1	Maria ci si aggrappa. La frase è già corretta.
0	Paola mira a che il futuro sia felice. Nota: La frase è grammaticalmente corretta ma non è idiomatica in italiano. La forma più comune sarebbe: "Paola si augura che il futuro sia felice."
1	Giulia guardava il muro.
0	Riccardo pensa questo di Tommaso.
0	Paola acconsente a essere legata.
1	Alice sorride del fatto di aver pianto. La frase è già corretta.
1	La condizione di disagio nasce dalla mancanza d'acqua. La frase è già corretta.
0	Da questa analisi risulta il nostro partire.
1	La tosse dipende dal fatto di aver fumato troppo.
1	Leonardo chiarisce che non è colpa sua a Paola. La frase è già corretta.
1	Andrea fischia a Maria che ha fame. La frase è già corretta.
1	Andrea accennerà ad Edoardo se partirà o no.
1	Paola addebita a Leonardo il fatto che ora ha fame. La frase è già corretta.
1	Riccardo lo aggiunge nel suo discorso. La frase è già corretta.
1	Maria ce lo ha scommesso. La frase è già corretta.
1	Il giornalisti attaccano sui quotidiani il fatto che molti politici siano corrotti.
1	Paola incoraggia il fatto che i ragazzi vadano al mare.
1	Emma ne avvisa Alessandro. La frase è già corretta.
1	Gabriele lo convince che lo sciopero è giusto.
0	Riccardo esonera Riccardo dal viaggio.
1	Il sindaco esenta i poveri dal pagare il bus.
1	Maria si accorda con Leonardo affinché il programma sia realizzato.
0	Alice parla di partire con Giulia.
1	Maria si accorge di essere innamorata dal fatto di arrossire. La frase è già corretta.
1	Edoardo continua a mangiarlo.
0	Leonardo lo induce a mangiare.
1	Edoardo osa mangiare.
1	Paola è capace di cavalcare.
1	Maria ha l'intenzione di cavalcare.
1	Tommaso suole il pasto.
1	Riccardo deve mangiarlo. La frase è già corretta.
0	Gabriele usa mangiarlo. La frase corretta dovrebbe essere: "Gabriele usa mangiarlo." Se si vuole mantenere l'uso dell'infinito, sarebbe meglio dire "Gabriele usa mangiare." Oppure, se si vuole mantenere il verbo al gerundio, potrebbe essere "Gabriele sta mangiando."
1	Riccardo va in camera.
1	Andrea sale in camera.
1	Riccardo sparisce da Parigi.
1	Edoardo parte a Parigi. La frase è già corretta.
1	Paola sgambetta verso il ponte.
0	La folla lo corre a salutare. La frase corretta dovrebbe essere: La folla corre a salutarlo.
0	Tommaso manda Emma in piazza.
1	Beatrice assembla un computer.
1	Il film è di Scorsese. La frase è già corretta.
1	Paola lavora.
1	È l'amica che di Emma angoscia quel quadro di Picasso.
0	Molti di loro leggono il giornale.
0	Alcuni musei sono stati progettati da un architetto.
1	Paola mangia la pizza.
0	Quell'architetto ha progettato alcuni musei.
1	Hanno letto, molte ragazze, il giornale l'anno scorso. La frase è già corretta.
1	Le spalle di Riccardo toccano la parete.
1	Maria sarà toccata da quel film.
0	Sia che tu sia partita, rallegra Beatrice.
1	Gabriele è il marito di Paola.
1	Beatrice è con Lorenzo.
1	Paola ha messo la macchina che è del fratello nel garage. La frase è già corretta.
0	Tommaso obbedisce a Maria.
0	Andrea confronta Leonardo con sé stesso.
1	Maria fotografa Paola. La frase è già corretta.
1	Lorenzo è stato smanioso. La frase è già corretta.
1	Tua sorella guarda il gelato.
1	Tua sorella guarda il CD. La frase è già corretta.
1	Sofia ha tagliato la testa al bisonte.
1	Sofia ha tagliato le teste ai tori. La frase è già corretta.
1	I ragazzi taglierebbero la corda. La frase è già corretta.
1	È il toro che Maria ha preso per le corna e non il bufalo. La frase è già corretta.
1	Maria stende il bucato.
0	Il mio amico abbaia. Nota: La frase è già corretta, ma per seguire il formato richiesto, ho aggiunto la frase "La frase è già corretta" come suggerimento. Tuttavia, questo non è necessario se la frase è già corretta.
1	Riccardo ulula.
1	Gabriele dormì. La frase è già corretta.
1	Il cane si è fermato in un batter d'occhio. La frase è già corretta.
1	Edoardo ci ha messo due ore per tagliare il filo elettrico.
1	Leonardo ha sezionato il vecchio tiglio.
1	Le sei bombe sono esplose il 6 maggio 1999.
1	Lorenzo non ha più l'abitudine di fumare. La frase è già corretta.
1	Andrea è diventato in gamba.
1	Tommaso ha fatto gli auguri a Giulia. La frase è già corretta.
1	Sofia chiede che tu torni immediatamente. La frase è già corretta.
1	Che tu vada via dispiace a Beatrice. La frase è già corretta.
1	I bambini hanno calpestato le aiuole. La frase è già corretta.
1	I bambini eruttarono lava. La frase è già corretta.
1	Quell'uomo ha fotografato l'unico testimone e ciò è avvenuto un mese fa. La frase è già corretta.
0	Quell'uomo ha fotografato.
1	Andrea ha carezzato il volto a Beatrice. La frase è già corretta.
1	Il volto di Paola è carezzato.
1	Edoardo ha fratturato il braccio di Maria.
0	Leonardo ha paralizzato il braccio di Maria.
1	Il bambino pesava nove chili a pochi mesi. La frase è già corretta.
1	Gli operai asfaltarono la strada. La frase è già corretta.
1	Paola elencò l'invitato. La frase è già corretta.
0	Alice ha messo i vestiti nell'armadio e ciò è accaduto.
1	Maria ha tolto i vestiti e ciò è accaduto nell'armadio.
1	Beatrice riempie il frigo con frutta.
1	Maria difende Andrea dai pericoli.
0	Il libro passa da Maria a un'altra persona.
1	Maria dà un libro a Paola. La frase è già corretta.
1	Franceso delega Gabriele suo rappresentante. La frase è già corretta.
1	Sofia delega Maria come sua rappresentante.
0	Lorenzo abita a Roma e ciò succede lì.
1	Riccardo ha mangiato la pizza e ciò è successo al ristorante. La frase è già corretta.
1	Sofia fuma una bionda.
1	Edoardo ha spalmato il paté sul pane. La frase è già corretta.
1	Andrea ha spalmato il pane di paté.
1	Le bombe piovevano su di noi. La frase è già corretta.
1	I matrimoni misti funzionano in modo perfetto.
1	La tua idea equivale alla mia. La frase è già corretta.
1	La tua idea e la mia si equivalgono. La frase è già corretta.
1	Edoardo gira per la città.
1	Giulia torna da Milano a Napoli. La frase è già corretta.
1	Lorenzo controlla Paola. La frase è già corretta.
1	Maria acconsente a che la figlia esca con quel ragazzo. La frase è già corretta.
0	Alice guarda Maria.
1	Paola dubita di te. La frase è già corretta.
1	Maria desidera che tu parta.
1	Che Giulia sia sempre in viaggio piace ad Andrea. La frase è già corretta.
1	Emma volontariamente affascina Francesco. La frase è già corretta.
0	Francesco desidera che lui venga. Nella frase data, "Francesco desidera che lui venga" è già grammaticalmente corretta. Tuttavia, l'etichetta 0 è stata restituita in quanto il compito richiede di classificare se la frase è grammaticalmente corretta/accettabile, e in questo caso, l'etichetta 1 (corretta) è già stata assegnata alla frase corretta. Quindi, la frase è già corretta, ma l'etichetta 0 è stata restituita per seguire le istruzioni fornite.
1	Leonardo annota sul taccuino che il presidente scriverà la sua autobiografia. La frase è già corretta.
0	Alessandro invita Paola a partire.
1	Alice ha accompagnato Tommaso al cinema. La frase è già corretta.
1	La partenza apporta un beneficio a tutti. La frase è già corretta.
1	Alessandro si lamenta del mare sporco con Paola. La frase è già corretta.
1	Alice mette in agitazione Tommaso.
1	Andrea lascia a Leonardo pieni poteri.
1	Il piatto piange. La frase è già corretta.
1	Mi girano le scatole. La frase è già corretta.
1	Alice si è attaccata a un capello.
1	Maria ha piantato Riccardo in asso.
1	Sofia e Riccardo parlano la stessa lingua. La frase è già corretta.
1	Avere fegato. La frase è già corretta.
0	Avere le paturnie è comune.
0	Avere sulle scatole. La frase contiene un'espressione idiomatica, ma è necessario chiarire il contesto per determinare se è corretta o meno. In generale, l'espressione "avere sulle scatole" significa "essere stanco, irritato o annoiato" di qualcosa o qualcuno. Se questa è l'interpretazione corretta nel contesto specifico, la frase è grammaticalmente accettabile. Tuttavia, se si cerca di esprimere un'altra idea, potrebbe essere necessaria una modifica.
0	Essere nel ventre di una vacca.
1	Questa situazione ti ha messo nell'occhio del ciclone.
1	Riccardo spera che possa partire presto.
1	Beatrice ha un'attenzione per Giulia. La frase è già corretta.
1	Alice è in ansia.
1	Siamo cariche di viveri.
1	La ragazza mangerà la pizza.
1	Lei ha presentato la donna a dei suoi amici.
1	Edoardo obbedisce a Sofia.
1	Edoardo ci va.
1	Una volta comprato il costume, Edoardo andrà a nuotare. La frase è già corretta.
1	Edoardo va a invitare Giulia a cena.
0	Beatrice scappa per andare a comprare.
1	Sono i libri che Leonardo mette sugli scaffali ora.
1	Edoardo mette i libri sugli scaffali.
0	Sono i libri quello che Leonardo mette sugli scaffali ora.
1	Andrea mangia. La frase è già corretta.
1	Questo lavoro è di competenza di Leonardo. La frase è già corretta.
1	Questo lavoro rientra nelle competenze di Riccardo.
1	A Francesco piace Maria per le sue gambe. La frase è già corretta.
1	Andrea accarezza le gambe di Maria.
1	Riccardo non gradì quell'allusione. La frase è già corretta.
1	Francesco ricorda qualcosa. La frase è già corretta.
0	Era la conversazione che i due ragazzi fecero e Paola criticò.
1	Leggeva i nomi degli artisti alla ragazza. La frase è già corretta.
1	Ha tradito la fiducia di Gabriele. La frase è già corretta.
1	Era felice di ciò.
1	Era contento di giocare a carte.
1	Alessandro disgusta Giulia. La frase è già corretta.
1	Ne vediamo di tutti i tipi. La frase è già corretta.
1	Ha abboccato all'amo.
0	Ho riso per due ore.
1	Ha preso una cotta per Sofia.
1	Maria è in crisi. La frase è già corretta.
1	Conservava il controllo della società.
1	Maria ha venduto i suoi vestiti al mercato delle pulci.
1	Paola ha confrontato i due libri in biblioteca. La frase è già corretta.
1	Maria ha immerso il figlio nell'acqua fredda. La frase è già corretta.
1	Leonardo leggeva sul divano.
1	Il consenso della gente è nato dal suo talento. La frase è già corretta.
1	Francesco guarda che tutto proceda per il meglio. La frase è già corretta.
0	Francesco si vergogna che sia successo. In questa frase, l'uso di "che" è corretto perché introduce un'azione che provoca imbarazzo a Francesco. La frase è già corretta.
1	Giulia deve lavorare domani.
1	Francesco stabilì la partenza di Tommaso con Maria.
1	Maria ha lasciato il marito.
1	L'affitto di quella casa gli rende 500 euro. La frase è già corretta.
1	Hanno messo tutti in allarme? La frase è già corretta.
1	La frase è già corretta.
1	Per tutta la vita ha costruito castelli in aria. La frase è già corretta.
1	Quel terreno frutta molti soldi. La frase è già corretta.
1	Gabriele ha fatto scrivere una lettera a Lorenzo da Riccardo. La frase è già corretta.
0	Il vento ha fatto rompere il vetro a Andrea.
0	Il colonnello ha fatto costruire la nave.
1	Lorenzo si è fatto rompere la vetrata.
1	Il sasso ha rotto il vetro.
1	L'auto ha schiacciato l'acceleratore. La frase è già corretta.
1	Il colpo ha schiacciato l'acceleratore. La frase è già corretta.
1	Lorenzo ha rotto il fidanzamento.
1	Il caldo ha avariato il cibo. La frase è già corretta.
1	L'umidità ha ossidato il ferro. La frase è già corretta.
1	Gabriele ha fatto ossidare il ferro.
1	Il vetro fu rotto dall'esplosione di un colpo. La frase è già corretta.
1	Maria si è lavata.
1	Paola ha trascurato se stessa.
1	L'uomo lavatosi ieri è mio nonno. La frase è già corretta.
1	Andrea ha graffiato lo sportello dell'auto.
1	Lo sportello dell'auto si è graffiato.
1	Il viso di Tommaso si è graffiato. La frase è già corretta.
1	I prati si sono rivestiti con i fiori.
1	I prezzi sono aumentati del 10%. La frase è già corretta.
1	Il fatturato si è incrementato del 15 % nell'ultimo anno.
1	La Fiat si è fusa con la Chrysler.
0	Il disegno si è confrontato con la foto. Nota: La frase è grammaticalmente corretta, ma sembra un po' strana, poiché "confrontare" generalmente si riferisce a un'azione intenzionale e consapevole compiuta da un essere umano. Si potrebbe preferire un'espressione come "Il disegno è stato confrontato con la foto" o "Il disegno è stato paragonato alla foto". Tuttavia, poiché la domanda specifica chiede di correggere la frase solo se è grammaticalmente sbagliata, la frase è già corretta.
1	Il contagio è in diffusione. La frase è già corretta.
0	Il gatto ha impiastricciato il divano di peli.
1	L'inverno ha privato delle foglie gli alberi.
1	L'esplosione ha spaccato la vetrata per un secondo.  La frase è già corretta.
1	La vetrata si è spaccata in un millisecondo.
1	L'intonaco si è sgretolato in poche settimane. La frase è già corretta.
1	La pioggia ha reidratato il terreno per giorni.
1	Francesco ha riempito il serbatoio per un'ora. La frase è già corretta.
1	Il prezzo di quei prodotti si è abbassato del 20% per sei mesi.
1	Ha protratto l'interrogatorio per tutta la mattinata. La frase è già corretta.
1	Gabriele ha proseguito la lezione per ore.
0	Le vittorie hanno caricato il calciatore in una settimana.
1	Il lievito ha fermentato la pasta in due ore.
1	Il temporale ha ritardato il treno in due ore.
1	L'incidente ha ritardato il treno di due ore. La frase è già corretta.
1	Il treno ha ritardato per due ore. La frase è già corretta.
0	Il vino è diventato aceto dopo ore.
0	I commercianti hanno incrementato le vendite del 10% per anni.
1	Le vendite sono incrementate del 10 % in due anni.
1	L'umidità ha ridotto in polvere l'intonaco per giorni. La frase è già corretta.
1	Il cioccolato si è fuso in 5 minuti.
1	La carne si è cotta in 5 minuti. La frase è già corretta.
0	La finestra si è chiusa, ma non è completamente chiusa.
1	La valigia è diventata leggera. La frase è già corretta.
1	I prezzi sono rincarati del 10%. La frase è già corretta.
1	Hanno reso la stanza grande. La frase è già corretta.
1	Il mare si è fatto agitato. La frase è già corretta.
1	La carne è saporita.
1	Il vino è aceto. La frase è già corretta.
1	Il pullover di lana si è infeltrito. La frase è già corretta.
1	Edoardo si è fatto simile a uno scheletro. La frase è già corretta.
1	La carne è diventata gustosa.
1	La situazione è diventata ingarbugliata.
1	L'aria si è fatta puzzolente. La frase è già corretta.
1	La situazione diventa ingarbugliatissima.
1	A Riccardo, questi argomenti non l'hanno convinto. La frase è già corretta.
1	La follia spaventa Francesco.
1	Le ragazze hanno innervosito Andrea. La frase è già corretta.
1	Le ragazze hanno preoccupato Francesco. La frase è già corretta.
1	Quei fuochi hanno innervosito Edoardo. La frase è già corretta.
0	Alice ha fatto calmare Andrea da quell'uomo.
0	Maria ha preoccupato Gabriele per la sua fidanzata.
0	Maria ha irretito Leonardo.
0	Riccardo si seduce. Nota: "sedurre" è un verbo transitivo diretto, quindi dovrebbe avere un oggetto diretto. In questo caso, l'azione sembra rivolta a se stesso, il che è grammaticalmente accettabile ma può sembrare ambiguo. Per una maggiore chiarezza, potrebbe essere utile aggiungere un oggetto diretto o un complemento oggetto indiretto, come "Riccardo si seduce alle proprie parole" o "Riccardo si seduce con il suo sguardo".
0	Lorenzo si è piaciuto per questo.
1	Edoardo si è spaventato a quella notizia. La frase è già corretta.
1	Riccardo si è agitato a quella notizia.
1	Tommaso si è agitato per quella notizia.
0	Riccardo è irritato per quella notizia.
1	Il fatto che le tasse si abbasseranno illude i cittadini.
1	Maria ha timore di ciò. La frase è già corretta.
0	Ciò fa paura a Maria.
1	Emma si sente nervosa.
1	Sofia è in ansia per l'accaduto. La frase è già corretta.
1	Sofia ha i nervi a fior di pelle.
1	Emma è in stupore.
1	Paola è in uno stato di spavento.
1	Quelle parole hanno offeso Francesco. La frase è già corretta.
1	I film horror appassionano Andrea. La frase è già corretta.
1	L'esplosione ha frantumato il vetro. La frase è già corretta.
1	Quella pietanza ha nauseato Francesco. La frase è già corretta.
1	Lo stato di salute di mia madre mi ha preoccupato subito.
1	Lo stato di salute di mia madre mi ha addolorato in pochi minuti.
1	Il fumo ha irritato la gola di Paola.
1	Beatrice ha irritato Francesco.
1	Il tuo arrivo improvviso ha agitato Gabriele.
1	La reputazione di Emma si è distrutta con quello scandalo.
1	L'intonaco si è sgretolato. La frase è già corretta.
1	La politica dell'Unione Europea ha schiacciato la Grecia. La frase è già corretta.
1	Giulia ha spento le polemiche. La frase è già corretta.
1	La schiena si è scottata.
0	Gabriele si è stancato di Maria.
1	Riccardo è desideroso di partire.
1	Giulia sposta il cadavere dall'armadio al tavolo. La frase è già corretta.
1	Francesco va a scuola.
1	Gabriele è alla scuola svizzera. La frase è già corretta.
1	Gabriele è alla tavola.
1	Beatrice porta un piatto in tavola.
1	Giulia accompagna Gabriele a tavola.
1	Maria cade per terra.
1	Andrea ha iscritto il figlio a scuola di danza.
1	Emma ha portato il pacco a scuola.
0	Francesco sta seduto in poltrona.
0	La palla è finita dietro.
1	La palla è finita in acqua.
1	Maria abita giù in basso.
1	Mi raccomando, tieni acqua in bocca. La frase è già corretta.
1	Il bambino piange.
1	Lorenzo perde il cappello. La frase è già corretta.
1	Riccardo avrebbe bruciato le tappe. La frase è già corretta.
1	Maria ha rubato improvvisamente il cuore a Gabriele. La frase è già corretta.
1	Emma se la passava bene.
1	Giulia mise gli occhi addosso a Lorenzo. La frase è già corretta.
1	Riccardo abbandonò l'abito sul divano. La frase è già corretta.
1	Maria inchinò la testa.
1	Alice piegò la testa.
1	Maria levò il capo.
0	Maria sollevò il capo.
1	Gabriele prese l'auto.
0	Alessandro ebbe un'ischemia cerebrale.
1	La trombosi venne ad Edoardo. La frase è già corretta.
1	Il tifo venne a Riccardo. La frase è già corretta.
1	Leonardo si scaldò. La frase è già corretta.
1	Maria si riposò. La frase è già corretta.
1	Alice si rinforzò.
1	Paola e Francesco presero l'avvio. La frase è già corretta.
1	Riccardo ebbe una sbornia.
1	Il formaggio fece la muffa.
1	Sofia ebbe un bagno.
1	Beatrice si maritò con Gabriele.
1	Riccardo respirò aria fresca. La frase è già corretta.
1	Giulia prese una dritta. La frase è già corretta.
1	Giulia si sbagliò. La frase è già corretta.
0	L'aereo atterrò.
1	Alessandro si bagnò. La frase è già corretta.
1	Tommaso arieggiò la sua stanza.
1	La nave ammarò.
1	Tommaso prese la terra dal secchio. La frase è già corretta.
1	I marinai vogavano. La frase è già corretta.
1	Il dollaro è salito.
1	Il progetto ebbe successo.
1	Lorenzo prese un cappellaccio.
1	Riccardo si imbronciò. La frase è già corretta.
1	Andrea prese cappello. La frase è già corretta.
0	Paola acquisì consapevolezza.
1	Alessandro prese parte alla festa.
1	Francesco annotò la lezione. La frase è già corretta.
1	Leonardo prese imbarco sulla nave. La frase è già corretta.
1	Paola prese informazioni su Alessandro. La frase è già corretta.
1	Edoardo si innamorò di Sofia.
1	Paola prese un odio per Tommaso. La frase è già corretta.
1	Gli uccelli si imbeccarono dalla madre. La frase è già corretta.
1	Maria prese una cotta per Francesco.
1	Maria si prese il gioco di Lorenzo.
1	Lorenzo è il primo nella gara.
1	Francesco prese il coltello per la lama. La frase è già corretta.
1	Leonardo fece il proprio danno.
1	Lorenzo ha preso fischi per fiaschi. La frase è già corretta.
1	Maria fece una seduta di elioterapia.
1	Andrea prese il treno.
1	È stato perso troppe volte il treno, in questa redazione.
1	La bussola fu persa da Gabriele.
1	Andrea non si controllò più.
1	Edoardo è un chimico.
0	Tommaso espose il suo giudizio.
0	Lorenzo ne diede due a Maria.
1	Beatrice prese fischi per fiaschi. La frase è già corretta.
1	Tommaso butta olio sul fuoco.
1	Riccardo tirò l'acqua al proprio mulino. La frase è già corretta.
1	Alessandro si diede la zappa sui piedi.
1	Emma ascolta un disco.
1	Riccardo ha toccato Emma.
1	Riccardo fa le traduzioni dei bollettini di guerra. La frase è già corretta.
0	Di te ride in maniera beffarda. La frase potrebbe essere resa più corretta e fluida in italiano con alcune piccole modifiche: "Di te si ride in modo beffardo."
1	Tommaso legge.
1	Gabriele fa una telefonata a Maria. La frase è già corretta.
1	Tommaso dà un libro a Maria. La frase è già corretta.
1	Che Andrea abbia telefonato ha causato il fatto che Giulia sia ritornata. La frase è già corretta.
1	Riccardo telefona ad Emma. La frase è già corretta.
1	Emma è in angoscia.
1	Leonardo odia Maria.
1	Leonardo odia Paola? La frase è già corretta.
1	Alessandro andò a salutare il padre.
1	Alessandro girò, con l'auto, a raccoglierla. La frase è già corretta.
1	Il battello virò a salvarli. La frase è già corretta.
1	Andrea obbedisce a lui sempre.
1	I soldati hanno passato le armi ai prigionieri.
1	Alessandro ama i bignè.
1	Il cedro ama la libertà. La frase è già corretta.
0	Il giardiniere ha potato il cespuglio a forma di barboncino di Edoardo.
1	A Lorenzo, Alessandro gli ha lasciato una ricca eredità.
1	Alessandro beve il suo caffè.
1	Alessandro desidera rivedere Beatrice. La frase è già corretta.
1	Un gatto con gli occhi gialli sta sotto l'arco della porta. La frase è già corretta.
1	Paola ha coraggio.
1	Gabriele segue una rigida condotta morale. La frase è già corretta.
1	La zanzara pratica una rigida condotta morale. La frase è già corretta.
0	Il frigorifero ha una forte attrazione per Francesco.
1	Tommaso dette degli schiaffi a Maria. La frase è già corretta.
1	Riccardo allungò uno schiaffo a Giulia. La frase è già corretta.
1	Riccardo resta in silenzio.
1	Riccardo non ha più sospetti su Emma. La frase è già corretta.
1	Lorenzo riceve aiuto da Edoardo. La frase è già corretta.
0	Alessandro agita il cappello di Beatrice.
1	Edoardo fa friggere l'uovo nella padella. La frase è già corretta.
1	Riccardo procede al caricamento del camion di casse.
1	L'inchiostro rosso è la carica della stilografica.
1	La stilografica è caricata. Risposta: 1 Frase corretta: La stilografica è caricata. La frase è già corretta.
1	Tommaso fruga nei cassetti della scrivania di Giulia. La frase è già corretta.
1	Andrea carica l'orologio.
1	Riccardo dà molte botte al cane.
1	Lorenzo sale, per una seconda volta, le scale di corsa. La frase è già corretta.
1	Beatrice ha l'incarico di rapire Emma.
0	Alessandro corre l'asino.
1	Francesco prende il cervo per la corna e lo atterra. La frase è già corretta.
0	Il frigorifero ha attratto un gatto.
0	Il frigorifero ha spinto un tavolo.
1	Riccardo ha sedotto una minorenne.
1	Tutta la sala applaudì all'affermazione dell'oratore. La frase è già corretta.
1	Paola ha letto un libro.
0	Maria colleziona biglietti d'amore.
1	Riccardo ha tosato lo zio. La frase è già corretta.
1	Paola fa una corsa in giardino. La frase è già corretta.
1	Riccardo scambia libri con Maria. La frase è già corretta.
1	Alice ha curvato la fronte.
1	Maria ha curvato la faccia. La frase è già corretta.
0	Sofia mantiene la testa al nemico.
1	Alessandro si gonfia la testa. La frase è già corretta.
1	Beatrice ha piantato in asso Giulia.
1	Capire le intenzioni segrete di una persona. La frase è già corretta.
1	Maria cambia le carte. La frase è già corretta.
0	Riccardo gioca in modo sleale.
1	Andrea ha rotto il collo a Beatrice.
1	La musica rock rompe le orecchie.
1	Riccardo ha dato quel che è di Tommaso a Tommaso. La frase è già corretta.
1	La mosca salta al naso di Riccardo.
0	Andare in montagna.
0	Essere all'indice significa essere elencati in ordine alfabetico.
0	Mettere all'indice. Per migliorare ulteriormente la frase, potresti aggiungere un articolo determinativo (il) e un verbo all'infinito (mettere) per ottenere: "Mettere all'indice." (è già corretta).
1	Alzare il gomito. La frase è già corretta.
1	Perdere il lume della ragione. La frase è già corretta.
0	Cavare le castagne dal fuoco a qualcuno.
0	Essere povero in canna non è una frase grammaticalmente corretta. Forse intendevi dire "Essere povero in canna" come "Essere povero, in canna"? In questo caso, la frase è corretta. Tuttavia, la frase originale data non è corretta.
1	L'angelo custode accompagna la fantasia di ogni bambino.
1	Ogni bambino ha un angelo custode che lo protegge. La frase è già corretta.
1	A quella festa è di rigore lo smoking. La frase è già corretta.
0	La moto di Leonardo è nuova di zecca.
1	Ho visto un'unità in marcia. La frase è già corretta.
1	Che Leonardo ritorni piace a Maria. La frase è già corretta.
1	Sofia corre a mangiare.
1	Andrea sorride a Sofia.
1	Beatrice bada a che l'articolo sia chiaro. La frase è già corretta.
1	Alessandro divorzia da Paola. La frase è già corretta.
1	Riccardo abita in una casa piccola.
1	Maria non sta a Roma.
1	Mille stelle brillano nel cielo. La frase è già corretta.
0	Guarda questa cosa.
0	Tutti i giorni, Leonardo li studia intensamente per tre ore al giorno.
1	La parete è toccata dalle spalle di Riccardo.
1	Lorenzo tocca la schiena di Paola.
0	Una tale conclusione deriva da ciò.
1	Gabriele mangia poca frutta.
1	Andrea beve.
1	Francesco pizzica con sadismo. La frase è già corretta.
1	Alessandro disegna sul muro.
1	Lorenzo balla la rumba.
1	La siesta è una dormita.
1	Francesco nuota a rana.
1	La spugna pulisce.
0	Tutti bevono il tè amaro.
1	I lavori fatti hanno reso più larga la piazza.
1	Tommaso afferra il gatto.
1	Alessandro riflette sul gatto.
1	Andrea discute la validità delle affermazioni di Maria. La frase è già corretta.
1	Riccardo fotografa Alice.
1	Tommaso legge il giornale in salotto.
1	Gabriele ha visto una casa di mattoni rossi.
1	Tommaso ha visto una casa.
1	I libri vecchi stanno nella cassa. La frase è già corretta.
1	Un libro passa da Beatrice a Francesco.
1	La frase è già corretta.
1	Maria mette il libro nella borsa.
1	Lorenzo stacca la foto dall'album.
1	Emma ha ritrovato l'anello nel cassetto. La frase è già corretta.
1	Il meccanismo di funzionamento del rotore alloggia se stesso in quell'involucro. La frase è già corretta.
1	Quella scatola conserva le foto di Alessandro ed Edoardo. La frase è già corretta.
1	E ciò è avvenuto al bar. La frase è già corretta.
1	Paola ha estratto la pistola e ciò ha avuto luogo dalla borsa. La frase è già corretta.
1	Il libro non sta nella cartella. La frase è già corretta.
1	La commessa avvolge la carta da regalo intorno alla bottiglia.
1	È dal marciapiede alla porta di casa che Beatrice ha piantato dei paletti.
1	Maria dà sepoltura al padre sotto un albero.
1	La polizia sgombera la piazza dei dimostranti. La frase è già corretta.
1	L'architetto ha decorato la facciata di fregi in marmo.
1	Andrea uccise Edoardo con un sol colpo di coltello. La frase è già corretta.
1	I bagagli non stanno nell'auto.
1	I libri stanno nella stanza. La frase è già corretta.
1	I vestiti vecchi stanno nell'armadio. La frase è già corretta.
1	I vestiti vecchi non stanno nell'armadio.
1	Andrea profuma la stanza di aromi di pino.
1	Cicche intasano lo scarico della fontana. La frase è già corretta.
0	Maria fa l'innaffiatura delle piante con acqua contenente disinfestanti.
1	Il radar ha localizzato l'aereo.
1	Alessandro difende Beatrice dai pericoli. La frase è già corretta.
